<?xml version="1.0" encoding="UTF-8"?>
<config xmlns="http://www.knime.org/2008/09/XMLConfig" xmlns:xsi="http://www.w3.org/2001/XMLSchema-instance" xsi:schemaLocation="http://www.knime.org/2008/09/XMLConfig http://www.knime.org/XMLConfig_2008_09.xsd" key="model.xml">
    <entry key="version" type="xint" value="1"/>
    <entry key="class_name" type="xstring" value="org.knime.base.data.normalize.NormalizerPortObject"/>
    <config key="model">
        <config key="columns">
            <config key="EDAD">
                <entry key="column_name" type="xstring" value="EDAD"/>
                <entry key="column_scale" type="xdouble" value="0.011494252873563218"/>
                <entry key="column_translate" type="xdouble" value="-0.13793103448275862"/>
                <entry key="column_min" type="xdouble" value="0.0"/>
                <entry key="column_max" type="xdouble" value="1.0"/>
            </config>
            <config key="OCUPACION">
                <entry key="column_name" type="xstring" value="OCUPACION"/>
                <entry key="column_scale" type="xdouble" value="0.01020408163265306"/>
                <entry key="column_translate" type="xdouble" value="-0.01020408163265306"/>
                <entry key="column_min" type="xdouble" value="0.0"/>
                <entry key="column_max" type="xdouble" value="1.0"/>
            </config>
            <config key="MEDIO_TRAN">
                <entry key="column_name" type="xstring" value="MEDIO_TRAN"/>
                <entry key="column_scale" type="xdouble" value="0.125"/>
                <entry key="column_translate" type="xdouble" value="-0.125"/>
                <entry key="column_min" type="xdouble" value="0.0"/>
                <entry key="column_max" type="xdouble" value="1.0"/>
            </config>
            <config key="TIEMPO_TRA">
                <entry key="column_name" type="xstring" value="TIEMPO_TRA"/>
                <entry key="column_scale" type="xdouble" value="0.125"/>
                <entry key="column_translate" type="xdouble" value="-0.125"/>
                <entry key="column_min" type="xdouble" value="0.0"/>
                <entry key="column_max" type="xdouble" value="1.0"/>
            </config>
        </config>
        <entry key="summary" type="xstring" value="Min/Max (0.0, 1) normalization on 4 column(s)"/>
    </config>
</config>
